"Inserate_ID","vec_preis","stadtname","Timestamp_scrape"
128220751,"324.900 - 952.900 €","Stuttgart",2021-06-07 19:33:03
126516477,"259.000 - 969.000 €","Stuttgart",2021-06-07 19:33:03
126548917,"339.000 - 749.000 €","Stuttgart",2021-06-07 19:33:03
127306663,"330.350 - 929.500 €","Stuttgart",2021-06-07 19:33:03
127975762,"169.000 €","Stuttgart",2021-06-07 19:33:03
122895757,"153.804 - 949.122 €","Stuttgart",2021-06-07 19:33:03
128170050,"379.900 - 699.900 €","Stuttgart",2021-06-07 19:33:03
128028404,"670.000 €","Stuttgart",2021-06-07 19:33:03
128054224,"211.000 - 674.500 €","Stuttgart",2021-06-07 19:33:03
128323123,"350.000 €","Stuttgart",2021-06-07 19:33:03
128148451,"590.000 €","Stuttgart",2021-06-07 19:33:03
106058634,"275.000 €","Stuttgart",2021-06-07 19:33:03
118042525,"459.000 - 2.150.000 €","Stuttgart",2021-06-07 19:33:03
118043288,"705.000 - 862.000 €","Stuttgart",2021-06-07 19:33:03
126012816,"535.000 €","Stuttgart",2021-06-07 19:33:03
127063467,"855.000 €","Stuttgart",2021-06-07 19:33:03
128087945,"399.000 €","Stuttgart",2021-06-07 19:33:03
127955630,"420.000 €","Stuttgart",2021-06-07 19:33:03
128145394,"650.000 €","Stuttgart",2021-06-07 19:33:03
128189693,"198.000 €","Stuttgart",2021-06-07 19:33:03
122428195,"272.500 €","Stuttgart",2021-06-07 19:34:55
122427782,"139.500 €","Stuttgart",2021-06-07 19:34:55
122427156,"194.900 €","Stuttgart",2021-06-07 19:34:55
122426932,"165.000 €","Stuttgart",2021-06-07 19:34:55
119389216,"272.500 €","Stuttgart",2021-06-07 19:34:55
119389056,"194.500 €","Stuttgart",2021-06-07 19:34:55
128088925,"310.000 €","Stuttgart",2021-06-07 19:34:55
125146901,"278.500 €","Stuttgart",2021-06-07 19:34:55
127154135,"412.500 - 521.500 €","Stuttgart",2021-06-07 19:34:55
127253369,"499.000 €","Stuttgart",2021-06-07 19:34:55
128227715,"247.000 €","Stuttgart",2021-06-07 19:34:55
127373865,"334.900 €","Stuttgart",2021-06-07 19:34:55
127247143,"329.000 €","Stuttgart",2021-06-07 19:34:55
125974334,"218.000 €","Stuttgart",2021-06-07 19:34:55
126731092,"569.000 €","Stuttgart",2021-06-07 19:34:55
128143999,"397.500 €","Stuttgart",2021-06-07 19:34:55
127602613,"397.500 €","Stuttgart",2021-06-07 19:34:55
127824338,"350.000 €","Stuttgart",2021-06-07 19:34:55
128052212,"185.000 €","Stuttgart",2021-06-07 19:34:55
127865050,"172.000 €","Stuttgart",2021-06-07 19:34:55
127195418,"570.000 €","Stuttgart",2021-06-07 19:32:26
128236685,"339.000 €","Stuttgart",2021-06-07 19:32:26
127629390,"345.000 €","Stuttgart",2021-06-07 19:32:26
127861710,"2.590.000 €","Stuttgart",2021-06-07 19:32:26
127609609,"285.000 €","Stuttgart",2021-06-07 19:32:26
128058503,"368.000 €","Stuttgart",2021-06-07 19:32:26
113163572,"583.900 - 1.503.900 €","Stuttgart",2021-06-07 19:32:26
128237474,"885.000 €","Stuttgart",2021-06-07 19:32:26
128365669,"499.000 €","Stuttgart",2021-06-07 19:32:26
127416687,"199.000 €","Stuttgart",2021-06-07 19:32:26
128312802,"569.000 €","Stuttgart",2021-06-07 19:32:26
127603073,"915.000 €","Stuttgart",2021-06-07 19:32:26
126352217,"599.000 €","Stuttgart",2021-06-07 19:32:26
128330241,"395.000 €","Stuttgart",2021-06-07 19:32:26
128331104,"870.000 €","Stuttgart",2021-06-07 19:32:26
128190473,"715.000 €","Stuttgart",2021-06-07 19:32:26
127975099,"1.115.000 €","Stuttgart",2021-06-07 19:32:26
118630988,"213.000 €","Stuttgart",2021-06-07 19:32:26
127327909,"269.000 €","Stuttgart",2021-06-07 19:32:26
128087520,"490.000 €","Stuttgart",2021-06-07 19:32:26
128406167,"869.500 €","Stuttgart",2021-06-07 19:32:35
127943335,"349.000 €","Stuttgart",2021-06-07 19:32:35
127869588,"1.540.000 €","Stuttgart",2021-06-07 19:32:35
127410013,"339.000 €","Stuttgart",2021-06-07 19:32:35
127528305,"180.000 €","Stuttgart",2021-06-07 19:32:35
127496743,"460.000 €","Stuttgart",2021-06-07 19:32:35
128181860,"419.000 €","Stuttgart",2021-06-07 19:32:35
127611912,"155.000 €","Stuttgart",2021-06-07 19:32:35
127958949,"175.000 €","Stuttgart",2021-06-07 19:32:35
127092596,"399.000 €","Stuttgart",2021-06-07 19:32:35
125372609,"429.000 €","Stuttgart",2021-06-07 19:32:35
123656157,"249.000 €","Stuttgart",2021-06-07 19:32:35
126450678,"789.000 €","Stuttgart",2021-06-07 19:32:35
128230740,"324.000 €","Stuttgart",2021-06-07 19:32:35
126886410,"849.000 €","Stuttgart",2021-06-07 19:32:35
127845208,"902.000 €","Stuttgart",2021-06-07 19:32:35
128198826,"329.000 €","Stuttgart",2021-06-07 19:32:35
124133726,"537.500 €","Stuttgart",2021-06-07 19:32:35
126690133,"367.000 €","Stuttgart",2021-06-07 19:32:35
128394223,"359.000 €","Stuttgart",2021-06-07 19:32:35
127766937,"549.000 €","Stuttgart",2021-06-07 19:33:25
127319367,"388.000 €","Stuttgart",2021-06-07 19:33:25
127070677,"388.000 €","Stuttgart",2021-06-07 19:33:25
128230702,"159.000 €","Stuttgart",2021-06-07 19:33:25
128230511,"555.000 €","Stuttgart",2021-06-07 19:33:25
128123346,"480.000 €","Stuttgart",2021-06-07 19:33:25
128193570,"265.000 €","Stuttgart",2021-06-07 19:33:25
127816822,"960.000 €","Stuttgart",2021-06-07 19:33:25
114097189,"445.900 - 899.000 €","Stuttgart",2021-06-07 19:33:25
127611077,"350.000 €","Stuttgart",2021-06-07 19:33:25
128332789,"244.000 €","Stuttgart",2021-06-07 19:33:25
128121790,"550.000 €","Stuttgart",2021-06-07 19:33:25
126861027,"450.000 €","Stuttgart",2021-06-07 19:33:25
127844480,"469.000 €","Stuttgart",2021-06-07 19:33:25
128236613,"189.000 €","Stuttgart",2021-06-07 19:33:25
123076247,"194.000 €","Stuttgart",2021-06-07 19:33:25
127343972,"398.500 €","Stuttgart",2021-06-07 19:33:25
127659940,"210.000 €","Stuttgart",2021-06-07 19:33:25
128409569,"280.000 €","Stuttgart",2021-06-07 19:33:25
124842543,"365.000 €","Stuttgart",2021-06-07 19:33:25
128038780,"249.000 €","Stuttgart",2021-06-07 19:33:46
128408122,"289.000 €","Stuttgart",2021-06-07 19:33:46
127397993,"309.000 €","Stuttgart",2021-06-07 19:33:46
128109781,"199.000 €","Stuttgart",2021-06-07 19:33:46
127364853,"350.000 €","Stuttgart",2021-06-07 19:33:46
127897729,"390.000 €","Stuttgart",2021-06-07 19:33:46
127359767,"270.000 - 574.695 €","Stuttgart",2021-06-07 19:33:46
126949533,"399.000 €","Stuttgart",2021-06-07 19:33:46
128124748,"359.000 €","Stuttgart",2021-06-07 19:33:46
128395180,"363.000 €","Stuttgart",2021-06-07 19:33:46
127724970,"299.000 - 599.000 €","Stuttgart",2021-06-07 19:33:46
128173043,"180.000 €","Stuttgart",2021-06-07 19:33:46
128374731,"352.000 - 667.000 €","Stuttgart",2021-06-07 19:33:46
128168517,"310.000 €","Stuttgart",2021-06-07 19:33:46
126862613,"364.900 €","Stuttgart",2021-06-07 19:33:46
118924416,"227.900 - 470.900 €","Stuttgart",2021-06-07 19:33:46
128301973,"143.000 €","Stuttgart",2021-06-07 19:33:46
128124766,"254.000 €","Stuttgart",2021-06-07 19:33:46
128392655,"322.000 €","Stuttgart",2021-06-07 19:33:46
127976741,"315.000 €","Stuttgart",2021-06-07 19:33:46
128350758,"190.000 €","Stuttgart",2021-06-07 19:33:57
128402395,"289.000 €","Stuttgart",2021-06-07 19:33:57
127281732,"344.000 €","Stuttgart",2021-06-07 19:33:57
127131705,"255.000 €","Stuttgart",2021-06-07 19:33:57
127916571,"525.000 €","Stuttgart",2021-06-07 19:33:57
127729587,"275.000 €","Stuttgart",2021-06-07 19:33:57
128182133,"285.000 €","Stuttgart",2021-06-07 19:33:57
127792180,"238.000 €","Stuttgart",2021-06-07 19:33:57
128041805,"370.000 €","Stuttgart",2021-06-07 19:33:57
128154963,"217.000 €","Stuttgart",2021-06-07 19:33:57
127215516,"295.000 €","Stuttgart",2021-06-07 19:33:57
128403633,"319.000 €","Stuttgart",2021-06-07 19:33:57
125992773,"289.500 - 609.000 €","Stuttgart",2021-06-07 19:33:57
126380620,"495.000 - 499.000 €","Stuttgart",2021-06-07 19:33:57
127918718,"277.600 - 876.500 €","Stuttgart",2021-06-07 19:33:57
127011335,"299.000 €","Stuttgart",2021-06-07 19:33:57
119913123,"252.180 - 510.120 €","Stuttgart",2021-06-07 19:33:57
128064519,"884.000 €","Stuttgart",2021-06-07 19:33:57
128268635,"399.000 €","Stuttgart",2021-06-07 19:33:57
128379550,"529.000 €","Stuttgart",2021-06-07 19:33:57
128351662,"510.000 €","Stuttgart",2021-06-07 19:34:42
115509236,"1.750.000 - 3.150.000 €","Stuttgart",2021-06-07 19:34:42
127686784,"317.000 €","Stuttgart",2021-06-07 19:34:42
127531101,"578.000 €","Stuttgart",2021-06-07 19:34:42
128224813,"568.000 €","Stuttgart",2021-06-07 19:34:42
128208310,"269.000 €","Stuttgart",2021-06-07 19:34:42
128201029,"269.000 €","Stuttgart",2021-06-07 19:34:42
127224488,"495.000 €","Stuttgart",2021-06-07 19:34:42
128115674,"450.000 €","Stuttgart",2021-06-07 19:34:42
114919225,"460.000 €","Stuttgart",2021-06-07 19:34:42
128218389,"349.000 €","Stuttgart",2021-06-07 19:34:42
128325119,"270.000 €","Stuttgart",2021-06-07 19:34:42
128314887,"289.000 €","Stuttgart",2021-06-07 19:34:42
128185344,"330.000 €","Stuttgart",2021-06-07 19:34:42
128194552,"148.000 €","Stuttgart",2021-06-07 19:34:42
127694338,"650.000 €","Stuttgart",2021-06-07 19:34:42
83006566,"1.000.000 €","Stuttgart",2021-06-07 19:34:42
128302016,"256.000 €","Stuttgart",2021-06-07 19:34:42
127993980,"685.000 €","Stuttgart",2021-06-07 19:34:42
128302355,"240.000 €","Stuttgart",2021-06-07 19:34:42
128111040,"210.000 €","Stuttgart",2021-06-07 19:32:47
127977049,"700.000 €","Stuttgart",2021-06-07 19:32:47
126896553,"239.000 €","Stuttgart",2021-06-07 19:32:47
127699520,"450.000 €","Stuttgart",2021-06-07 19:32:47
127195138,"164.000 €","Stuttgart",2021-06-07 19:32:47
127400990,"899.000 €","Stuttgart",2021-06-07 19:32:47
128321901,"479.000 €","Stuttgart",2021-06-07 19:32:47
127923380,"335.000 €","Stuttgart",2021-06-07 19:32:47
128185410,"324.000 €","Stuttgart",2021-06-07 19:32:47
127477339,"375.000 €","Stuttgart",2021-06-07 19:32:47
127473241,"185.000 €","Stuttgart",2021-06-07 19:32:47
124123487,"399.500 €","Stuttgart",2021-06-07 19:32:47
120069169,"252.200 - 937.600 €","Stuttgart",2021-06-07 19:32:47
127551836,"950.000 €","Stuttgart",2021-06-07 19:32:47
127907294,"285.000 €","Stuttgart",2021-06-07 19:32:47
128272270,"1.100.000 €","Stuttgart",2021-06-07 19:32:47
128193327,"620.000 €","Stuttgart",2021-06-07 19:32:47
128351265,"339.000 €","Stuttgart",2021-06-07 19:32:47
127976722,"768.500 €","Stuttgart",2021-06-07 19:32:47
128189891,"689.000 €","Stuttgart",2021-06-07 19:32:47
127969799,"299.000 €","Stuttgart",2021-06-07 19:35:25
128318235,"380.900 - 872.900 €","Stuttgart",2021-06-07 19:35:25
127969376,"329.000 €","Stuttgart",2021-06-07 19:35:25
127833443,"389.000 €","Stuttgart",2021-06-07 19:35:25
126970616,"250.000 €","Stuttgart",2021-06-07 19:35:25
128395247,"245.100 €","Stuttgart",2021-06-07 19:35:25
127526758,"349.000 €","Stuttgart",2021-06-07 19:35:25
125790549,"369.000 €","Stuttgart",2021-06-07 19:35:25
128123650,"795.000 €","Stuttgart",2021-06-07 19:35:25
127937505,"329.000 €","Stuttgart",2021-06-07 19:35:25
127323160,"610.000 €","Stuttgart",2021-06-07 19:35:25
126620484,"185.000 €","Stuttgart",2021-06-07 19:35:25
127759055,"415.000 €","Stuttgart",2021-06-07 19:35:25
128268781,"570.000 €","Stuttgart",2021-06-07 19:35:25
128095165,"265.000 €","Stuttgart",2021-06-07 19:35:25
126275097,"350.000 €","Stuttgart",2021-06-07 19:35:25
125898546,"230.000 €","Stuttgart",2021-06-07 19:35:25
128183959,"529.000 €","Stuttgart",2021-06-07 19:35:25
128218072,"240.000 €","Stuttgart",2021-06-07 19:35:25
127984142,"463.000 €","Stuttgart",2021-06-07 19:35:25
128222522,"469.000 €","Stuttgart",2021-06-07 19:33:20
127858989,"419.000 €","Stuttgart",2021-06-07 19:33:20
128033221,"125.000 €","Stuttgart",2021-06-07 19:33:20
128188795,"499.000 €","Stuttgart",2021-06-07 19:33:20
127513465,"295.000 €","Stuttgart",2021-06-07 19:33:20
128016895,"159.000 €","Stuttgart",2021-06-07 19:33:20
127010048,"595.000 €","Stuttgart",2021-06-07 19:33:20
127681697,"398.500 €","Stuttgart",2021-06-07 19:33:20
128152323,"270.000 €","Stuttgart",2021-06-07 19:33:20
128363804,"749.000 €","Stuttgart",2021-06-07 19:33:20
128229887,"349.000 €","Stuttgart",2021-06-07 19:33:20
122612019,"304.900 - 364.900 €","Stuttgart",2021-06-07 19:33:20
128349900,"278.000 €","Stuttgart",2021-06-07 19:33:20
127357421,"339.000 €","Stuttgart",2021-06-07 19:33:20
127901803,"349.000 €","Stuttgart",2021-06-07 19:33:20
127691781,"249.000 €","Stuttgart",2021-06-07 19:33:20
128369485,"380.000 €","Stuttgart",2021-06-07 19:33:20
128295550,"325.500 - 650.500 €","Stuttgart",2021-06-07 19:33:20
124317863,"780.000 €","Stuttgart",2021-06-07 19:33:20
128243137,"398.000 €","Stuttgart",2021-06-07 19:33:20
125891243,"630.000 €","Stuttgart",2021-06-07 19:34:22
124621809,"427.000 €","Stuttgart",2021-06-07 19:34:22
126888987,"459.900 - 629.900 €","Stuttgart",2021-06-07 19:34:22
128321054,"320.000 €","Stuttgart",2021-06-07 19:34:22
126729139,"474.000 €","Stuttgart",2021-06-07 19:34:22
128371109,"495.000 €","Stuttgart",2021-06-07 19:34:22
128346146,"120.000 €","Stuttgart",2021-06-07 19:34:22
128402684,"369.000 €","Stuttgart",2021-06-07 19:34:22
125554139,"440.000 €","Stuttgart",2021-06-07 19:34:22
127936454,"400.000 €","Stuttgart",2021-06-07 19:34:22
128402064,"3.200.000 €","Stuttgart",2021-06-07 19:34:22
127700767,"179.000 €","Stuttgart",2021-06-07 19:34:22
127723420,"299.000 €","Stuttgart",2021-06-07 19:34:22
124651198,"348.000 €","Stuttgart",2021-06-07 19:34:22
128054260,"295.000 €","Stuttgart",2021-06-07 19:34:22
128109020,"365.000 €","Stuttgart",2021-06-07 19:34:22
127394203,"500.000 - 990.000 €","Stuttgart",2021-06-07 19:34:22
128187770,"349.000 €","Stuttgart",2021-06-07 19:34:22
127307703,"315.000 €","Stuttgart",2021-06-07 19:34:22
127837527,"369.000 €","Stuttgart",2021-06-07 19:34:22
128370556,"279.000 - 669.000 €","Stuttgart",2021-06-07 19:34:34
128204966,"139.000 €","Stuttgart",2021-06-07 19:34:34
128130373,"635.000 €","Stuttgart",2021-06-07 19:34:34
128193471,"320.000 €","Stuttgart",2021-06-07 19:34:34
128212482,"330.000 €","Stuttgart",2021-06-07 19:34:34
118375652,"295.000 €","Stuttgart",2021-06-07 19:34:34
127801531,"355.000 €","Stuttgart",2021-06-07 19:34:34
125992305,"950.000 €","Stuttgart",2021-06-07 19:34:34
126481246,"249.500 €","Stuttgart",2021-06-07 19:34:34
127688313,"399.000 €","Stuttgart",2021-06-07 19:34:34
128196567,"249.000 €","Stuttgart",2021-06-07 19:34:34
127874874,"180.000 €","Stuttgart",2021-06-07 19:34:34
128228968,"519.000 €","Stuttgart",2021-06-07 19:34:34
128127499,"334.000 €","Stuttgart",2021-06-07 19:34:34
128212446,"629.000 €","Stuttgart",2021-06-07 19:34:34
125753790,"230.000 €","Stuttgart",2021-06-07 19:34:34
128402030,"250.000 €","Stuttgart",2021-06-07 19:34:34
128393549,"255.000 €","Stuttgart",2021-06-07 19:34:34
128393378,"272.500 €","Stuttgart",2021-06-07 19:34:34
128266511,"270.000 €","Stuttgart",2021-06-07 19:34:34
128269704,"238.000 €","Stuttgart",2021-06-07 19:34:18
128405506,"269.000 €","Stuttgart",2021-06-07 19:34:18
128192207,"279.000 €","Stuttgart",2021-06-07 19:34:18
128382169,"853.000 €","Stuttgart",2021-06-07 19:34:18
127222054,"449.000 €","Stuttgart",2021-06-07 19:34:18
127130720,"310.000 €","Stuttgart",2021-06-07 19:34:18
121875722,"1.288.000 - 1.426.000 €","Stuttgart",2021-06-07 19:34:18
128144873,"619.000 €","Stuttgart",2021-06-07 19:34:18
128229854,"348.000 €","Stuttgart",2021-06-07 19:34:18
128322072,"200.000 €","Stuttgart",2021-06-07 19:34:18
128376361,"285.000 €","Stuttgart",2021-06-07 19:34:18
122571134,"1.399.000 €","Stuttgart",2021-06-07 19:34:18
128211853,"545.000 €","Stuttgart",2021-06-07 19:34:18
127791212,"289.000 €","Stuttgart",2021-06-07 19:34:18
128402881,"549.000 - 659.000 €","Stuttgart",2021-06-07 19:34:18
128076434,"290.000 €","Stuttgart",2021-06-07 19:34:18
128047562,"295.000 €","Stuttgart",2021-06-07 19:34:18
128204333,"650.000 €","Stuttgart",2021-06-07 19:34:18
128343248,"195.000 €","Stuttgart",2021-06-07 19:34:18
114791765,"1.500.000 €","Stuttgart",2021-06-07 19:34:18
120452239,"180.000 €","Stuttgart",2021-06-07 19:32:55
126777488,"379.000 €","Stuttgart",2021-06-07 19:32:55
128024774,"440.000 €","Stuttgart",2021-06-07 19:32:55
123573711,"239.000 - 1.049.000 €","Stuttgart",2021-06-07 19:32:55
125177863,"680.000 €","Stuttgart",2021-06-07 19:32:55
126133897,"390.000 - 715.000 €","Stuttgart",2021-06-07 19:32:55
128301095,"280.000 - 1.105.000 €","Stuttgart",2021-06-07 19:32:55
128069252,"287.800 €","Stuttgart",2021-06-07 19:32:55
128183827,"419.000 €","Stuttgart",2021-06-07 19:32:55
127175783,"379.000 €","Stuttgart",2021-06-07 19:32:55
128156946,"249.000 €","Stuttgart",2021-06-07 19:32:55
127375589,"364.000 €","Stuttgart",2021-06-07 19:32:55
126854911,"369.000 €","Stuttgart",2021-06-07 19:32:55
127105124,"662.000 €","Stuttgart",2021-06-07 19:32:55
127479254,"379.000 €","Stuttgart",2021-06-07 19:32:55
128353320,"395.000 €","Stuttgart",2021-06-07 19:32:55
127413144,"345.000 €","Stuttgart",2021-06-07 19:32:55
120485178,"252.000 - 464.000 €","Stuttgart",2021-06-07 19:32:55
126888669,"289.000 €","Stuttgart",2021-06-07 19:32:55
128229066,"367.000 €","Stuttgart",2021-06-07 19:32:55
128394291,"182.000 €","Stuttgart",2021-06-07 19:34:22
128347389,"348.000 €","Stuttgart",2021-06-07 19:34:22
127817266,"340.000 €","Stuttgart",2021-06-07 19:34:22
125907817,"589.000 €","Stuttgart",2021-06-07 19:34:22
128405097,"410.000 €","Stuttgart",2021-06-07 19:34:22
128375946,"250.000 €","Stuttgart",2021-06-07 19:34:22
128152873,"360.000 €","Stuttgart",2021-06-07 19:34:22
128293299,"349.000 €","Stuttgart",2021-06-07 19:34:22
124163264,"389.000 - 599.000 €","Stuttgart",2021-06-07 19:34:22
128268337,"169.000 €","Stuttgart",2021-06-07 19:34:22
127826798,"480.000 €","Stuttgart",2021-06-07 19:34:22
128266718,"360.000 €","Stuttgart",2021-06-07 19:34:22
108978271,"339.000 €","Stuttgart",2021-06-07 19:34:22
127941035,"429.900 €","Stuttgart",2021-06-07 19:34:22
126091988,"159.000 €","Stuttgart",2021-06-07 19:34:22
128331115,"500.000 €","Stuttgart",2021-06-07 19:34:22
127903391,"230.000 €","Stuttgart",2021-06-07 19:34:22
127888411,"645.000 €","Stuttgart",2021-06-07 19:34:22
126442603,"535.000 €","Stuttgart",2021-06-07 19:34:22
128327078,"1.200.000 €","Stuttgart",2021-06-07 19:34:22
128298169,"285.000 €","Stuttgart",2021-06-07 19:35:43
128317769,"289.000 €","Stuttgart",2021-06-07 19:35:43
127965057,"385.000 €","Stuttgart",2021-06-07 19:35:43
128345109,"319.000 €","Stuttgart",2021-06-07 19:35:43
128155735,"349.000 €","Stuttgart",2021-06-07 19:35:43
126550864,"180.000 €","Stuttgart",2021-06-07 19:35:43
128324894,"160.000 €","Stuttgart",2021-06-07 19:35:43
128386501,"325.000 €","Stuttgart",2021-06-07 19:35:43
128294014,"420.000 €","Stuttgart",2021-06-07 19:35:43
128110250,"420.000 €","Stuttgart",2021-06-07 19:35:43
128385727,"415.000 €","Stuttgart",2021-06-07 19:35:43
128214842,"380.000 €","Stuttgart",2021-06-07 19:35:43
99859356,"275.000 €","Stuttgart",2021-06-07 19:35:43
127753980,"420.000 €","Stuttgart",2021-06-07 19:35:43
128008941,"678.000 €","Stuttgart",2021-06-07 19:35:43
128255670,"289.000 €","Stuttgart",2021-06-07 19:35:43
128193179,"400.000 €","Stuttgart",2021-06-07 19:35:43
127656389,"424.900 €","Stuttgart",2021-06-07 19:35:43
126357923,"298.000 €","Stuttgart",2021-06-07 19:35:43
128299288,"338.000 €","Stuttgart",2021-06-07 19:35:43
128322961,"375.000 €","Stuttgart",2021-06-07 19:32:38
127191574,"429.000 €","Stuttgart",2021-06-07 19:32:38
128272260,"489.000 €","Stuttgart",2021-06-07 19:32:38
128241199,"770.000 €","Stuttgart",2021-06-07 19:32:38
128189113,"450.000 €","Stuttgart",2021-06-07 19:32:38
127701690,"1.100.000 €","Stuttgart",2021-06-07 19:32:38
128330048,"310.000 €","Stuttgart",2021-06-07 19:32:38
127704275,"355.000 €","Stuttgart",2021-06-07 19:32:38
126888542,"185.000 €","Stuttgart",2021-06-07 19:32:38
107680585,"645.900 - 645.900 €","Stuttgart",2021-06-07 19:32:38
123722760,"523.500 €","Stuttgart",2021-06-07 19:32:38
127953935,"349.000 €","Stuttgart",2021-06-07 19:32:38
128117718,"338.000 €","Stuttgart",2021-06-07 19:32:38
127149266,"424.900 - 819.900 €","Stuttgart",2021-06-07 19:32:38
127409944,"438.000 €","Stuttgart",2021-06-07 19:32:38
128151982,"419.000 €","Stuttgart",2021-06-07 19:32:38
120703932,"390.000 €","Stuttgart",2021-06-07 19:32:38
128163420,"120.000 €","Stuttgart",2021-06-07 19:32:38
128116364,"370.000 €","Stuttgart",2021-06-07 19:32:38
126830378,"291.700 - 597.900 €","Stuttgart",2021-06-07 19:32:38
127508101,"165.000 €","Stuttgart",2021-06-07 19:32:52
128353024,"339.000 - 717.000 €","Stuttgart",2021-06-07 19:32:52
128036704,"798.500 €","Stuttgart",2021-06-07 19:32:52
128187112,"449.000 €","Stuttgart",2021-06-07 19:32:52
128057012,"359.000 €","Stuttgart",2021-06-07 19:32:52
128213494,"395.000 €","Stuttgart",2021-06-07 19:32:52
127720013,"699.000 €","Stuttgart",2021-06-07 19:32:52
127510973,"699.000 €","Stuttgart",2021-06-07 19:32:52
128347431,"650.000 €","Stuttgart",2021-06-07 19:32:52
128086206,"569.000 €","Stuttgart",2021-06-07 19:32:52
127367704,"249.000 €","Stuttgart",2021-06-07 19:32:52
128249167,"385.000 €","Stuttgart",2021-06-07 19:32:52
128042472,"400.000 €","Stuttgart",2021-06-07 19:32:52
128027441,"260.000 - 820.000 €","Stuttgart",2021-06-07 19:32:52
127317527,"359.000 €","Stuttgart",2021-06-07 19:32:52
127037785,"229.500 €","Stuttgart",2021-06-07 19:32:52
126294927,"515.000 €","Stuttgart",2021-06-07 19:32:52
128321459,"219.000 €","Stuttgart",2021-06-07 19:32:52
115969324,"1.100.000 €","Stuttgart",2021-06-07 19:32:52
128245965,"460.000 €","Stuttgart",2021-06-07 19:32:52
126476592,"295.000 €","Stuttgart",2021-06-07 19:34:11
127916357,"529.000 €","Stuttgart",2021-06-07 19:34:11
126784569,"240.000 €","Stuttgart",2021-06-07 19:34:11
128255410,"155.000 €","Stuttgart",2021-06-07 19:34:11
127924020,"299.700 - 997.550 €","Stuttgart",2021-06-07 19:34:11
125441303,"239.000 €","Stuttgart",2021-06-07 19:34:11
127469948,"279.000 €","Stuttgart",2021-06-07 19:34:11
128242409,"729.000 - 1.150.000 €","Stuttgart",2021-06-07 19:34:11
120488072,"364.900 €","Stuttgart",2021-06-07 19:34:11
127738667,"359.000 €","Stuttgart",2021-06-07 19:34:11
128395236,"490.000 €","Stuttgart",2021-06-07 19:34:11
128357335,"149.000 €","Stuttgart",2021-06-07 19:34:11
128343114,"519.000 €","Stuttgart",2021-06-07 19:34:11
123290536,"265.000 €","Stuttgart",2021-06-07 19:34:11
128409723,"460.000 €","Stuttgart",2021-06-07 19:34:11
124791736,"479.000 €","Stuttgart",2021-06-07 19:34:11
128108293,"451.000 €","Stuttgart",2021-06-07 19:34:11
127092928,"425.000 €","Stuttgart",2021-06-07 19:34:11
127960498,"274.900 - 699.900 €","Stuttgart",2021-06-07 19:34:11
128295460,"207.000 €","Stuttgart",2021-06-07 19:34:11
128058441,"409.000 €","Stuttgart",2021-06-07 19:35:19
128026387,"335.000 €","Stuttgart",2021-06-07 19:35:19
128167921,"275.000 €","Stuttgart",2021-06-07 19:35:19
128205802,"345.000 €","Stuttgart",2021-06-07 19:35:19
126480819,"519.500 €","Stuttgart",2021-06-07 19:35:19
128007589,"975.450 €","Stuttgart",2021-06-07 19:35:19
126886609,"437.000 €","Stuttgart",2021-06-07 19:35:19
122872545,"315.000 €","Stuttgart",2021-06-07 19:35:19
126814414,"450.000 €","Stuttgart",2021-06-07 19:35:19
128324237,"190.000 €","Stuttgart",2021-06-07 19:35:19
127350982,"390.000 - 439.000 €","Stuttgart",2021-06-07 19:35:19
127662083,"575.000 €","Stuttgart",2021-06-07 19:35:19
128390630,"458.000 €","Stuttgart",2021-06-07 19:35:19
128372023,"420.000 €","Stuttgart",2021-06-07 19:35:19
126313434,"530.000 €","Stuttgart",2021-06-07 19:35:19
121301046,"729.000 - 729.000 €","Stuttgart",2021-06-07 19:35:19
128108510,"290.000 €","Stuttgart",2021-06-07 19:35:19
128022793,"389.000 €","Stuttgart",2021-06-07 19:35:19
108013452,"389.500 - 1.099.700 €","Stuttgart",2021-06-07 19:35:19
127926060,"349.000 €","Stuttgart",2021-06-07 19:35:19
128111041,"179.000 €","Stuttgart",2021-06-07 19:32:46
127793377,"330.000 €","Stuttgart",2021-06-07 19:32:46
127553946,"895.000 €","Stuttgart",2021-06-07 19:32:46
128168451,"635.000 €","Stuttgart",2021-06-07 19:32:46
128371486,"305.000 €","Stuttgart",2021-06-07 19:32:46
127687568,"520.000 €","Stuttgart",2021-06-07 19:32:46
128057067,"417.500 €","Stuttgart",2021-06-07 19:32:46
118534444,"419.900 - 695.900 €","Stuttgart",2021-06-07 19:32:46
128410226,"228.000 €","Stuttgart",2021-06-07 19:32:46
126698798,"299.000 - 769.000 €","Stuttgart",2021-06-07 19:32:46
126862305,"399.000 €","Stuttgart",2021-06-07 19:32:46
128289803,"360.000 €","Stuttgart",2021-06-07 19:32:46
127918337,"876.500 €","Stuttgart",2021-06-07 19:32:46
128326998,"515.000 €","Stuttgart",2021-06-07 19:32:46
128250082,"510.000 €","Stuttgart",2021-06-07 19:32:46
127489665,"265.000 €","Stuttgart",2021-06-07 19:32:46
128333030,"449.000 €","Stuttgart",2021-06-07 19:32:46
128018565,"349.000 €","Stuttgart",2021-06-07 19:32:46
126560365,"278 - 608 €","Stuttgart",2021-06-07 19:32:46
127826791,"319.000 €","Stuttgart",2021-06-07 19:32:46
128320712,"299.000 €","Stuttgart",2021-06-07 19:32:58
127826490,"339.000 €","Stuttgart",2021-06-07 19:32:58
128027053,"360.000 €","Stuttgart",2021-06-07 19:32:58
128140115,"780.000 €","Stuttgart",2021-06-07 19:32:58
127170777,"340.000 €","Stuttgart",2021-06-07 19:32:58
127490069,"835.000 €","Stuttgart",2021-06-07 19:32:58
127642291,"294.000 €","Stuttgart",2021-06-07 19:32:58
127642274,"301.000 €","Stuttgart",2021-06-07 19:32:58
127606576,"279.000 €","Stuttgart",2021-06-07 19:32:58
127606555,"269.000 €","Stuttgart",2021-06-07 19:32:58
128259858,"344.500 €","Stuttgart",2021-06-07 19:32:58
127343949,"445.000 €","Stuttgart",2021-06-07 19:32:58
127836331,"489.000 €","Stuttgart",2021-06-07 19:32:58
125846375,"910.000 €","Stuttgart",2021-06-07 19:32:58
128241860,"360.000 €","Stuttgart",2021-06-07 19:32:58
127573018,"315.000 €","Stuttgart",2021-06-07 19:32:58
127107081,"998.500 €","Stuttgart",2021-06-07 19:32:58
126524020,"320.000 €","Stuttgart",2021-06-07 19:32:58
124118265,"589.800 - 1.139.800 €","Stuttgart",2021-06-07 19:32:58
125347290,"699.000 €","Stuttgart",2021-06-07 19:32:58
128023717,"450.000 €","Stuttgart",2021-06-07 19:33:07
114442933,"399.000 €","Stuttgart",2021-06-07 19:33:07
126824218,"225.000 €","Stuttgart",2021-06-07 19:33:07
126773345,"375.060 €","Stuttgart",2021-06-07 19:33:07
127710620,"420.000 €","Stuttgart",2021-06-07 19:33:07
120452551,"295.000 €","Stuttgart",2021-06-07 19:33:07
121114964,"475.000 €","Stuttgart",2021-06-07 19:33:07
128016708,"415.000 €","Stuttgart",2021-06-07 19:33:07
128324915,"243.000 €","Stuttgart",2021-06-07 19:33:07
127196918,"158.000 €","Stuttgart",2021-06-07 19:33:07
127196916,"329.000 €","Stuttgart",2021-06-07 19:33:07
126904217,"140.000 €","Stuttgart",2021-06-07 19:33:07
120339213,"369.000 - 589.000 €","Stuttgart",2021-06-07 19:33:07
126679046,"309.000 €","Stuttgart",2021-06-07 19:33:07
127759791,"295.000 €","Stuttgart",2021-06-07 19:33:07
127845344,"449.000 €","Stuttgart",2021-06-07 19:33:07
128183911,"328.000 €","Stuttgart",2021-06-07 19:33:07
128185510,"314.900 €","Stuttgart",2021-06-07 19:33:07
128145283,"399.000 €","Stuttgart",2021-06-07 19:33:07
128360996,"334.000 €","Stuttgart",2021-06-07 19:33:07
128408552,"360.000 €","Stuttgart",2021-06-07 19:34:05
116738699,"228.900 - 454.900 €","Stuttgart",2021-06-07 19:34:05
126971524,"585.000 - 864.450 €","Stuttgart",2021-06-07 19:34:05
127399747,"205.500 €","Stuttgart",2021-06-07 19:34:05
128400372,"298.000 €","Stuttgart",2021-06-07 19:34:05
128319516,"476.900 - 779.900 €","Stuttgart",2021-06-07 19:34:05
126793847,"409.800 - 719.800 €","Stuttgart",2021-06-07 19:34:05
128082734,"159.000 €","Stuttgart",2021-06-07 19:34:05
126103449,"314.500 €","Stuttgart",2021-06-07 19:34:05
128241620,"715.000 €","Stuttgart",2021-06-07 19:34:05
128241431,"675.000 €","Stuttgart",2021-06-07 19:34:05
128009680,"345.000 €","Stuttgart",2021-06-07 19:34:05
123567361,"254.500 - 781.500 €","Stuttgart",2021-06-07 19:34:05
126777992,"435.000 €","Stuttgart",2021-06-07 19:34:05
128351663,"700.000 - 1.090.000 €","Stuttgart",2021-06-07 19:34:05
127141876,"645.000 €","Stuttgart",2021-06-07 19:34:05
126848501,"645.000 €","Stuttgart",2021-06-07 19:34:05
126848309,"645.000 €","Stuttgart",2021-06-07 19:34:05
128033568,"379.000 €","Stuttgart",2021-06-07 19:34:05
127307433,"595.000 €","Stuttgart",2021-06-07 19:34:05
127530015,"445.000 €","Stuttgart",2021-06-07 19:34:56
127978231,"395.000 €","Stuttgart",2021-06-07 19:34:56
117313862,"595.000 €","Stuttgart",2021-06-07 19:34:56
126404085,"415.000 €","Stuttgart",2021-06-07 19:34:56
128164961,"590.000 €","Stuttgart",2021-06-07 19:34:56
125940194,"599.000 €","Stuttgart",2021-06-07 19:34:56
128385713,"409.000 €","Stuttgart",2021-06-07 19:34:56
127742575,"190.000 €","Stuttgart",2021-06-07 19:34:56
128329629,"175.000 €","Stuttgart",2021-06-07 19:34:56
126048664,"127.000 €","Stuttgart",2021-06-07 19:34:56
123006471,"250.000 €","Stuttgart",2021-06-07 19:34:56
128209170,"340.000 €","Stuttgart",2021-06-07 19:34:56
127812146,"240.000 €","Stuttgart",2021-06-07 19:34:56
128036991,"413.000 €","Stuttgart",2021-06-07 19:34:56
127702760,"300.000 €","Stuttgart",2021-06-07 19:34:56
128409908,"329.000 €","Stuttgart",2021-06-07 19:34:56
126954445,"630.000 €","Stuttgart",2021-06-07 19:34:56
127413989,"165.000 €","Stuttgart",2021-06-07 19:34:56
128125565,"539.000 €","Stuttgart",2021-06-07 19:34:56
126377131,"650.000 €","Stuttgart",2021-06-07 19:34:56
127970215,"279.900 €","Stuttgart",2021-06-07 19:32:57
124550299,"219.000 €","Stuttgart",2021-06-07 19:32:57
128331841,"949.000 €","Stuttgart",2021-06-07 19:32:57
127611070,"250.000 €","Stuttgart",2021-06-07 19:32:57
128095488,"535.000 €","Stuttgart",2021-06-07 19:32:57
126852023,"199.000 €","Stuttgart",2021-06-07 19:32:57
128293880,"825.000 €","Stuttgart",2021-06-07 19:32:57
128389903,"202.500 €","Stuttgart",2021-06-07 19:32:57
127981270,"359.000 €","Stuttgart",2021-06-07 19:32:57
123518837,"699.000 €","Stuttgart",2021-06-07 19:32:57
125893148,"570.000 €","Stuttgart",2021-06-07 19:32:57
125688573,"429.000 €","Stuttgart",2021-06-07 19:32:57
128253274,"195.000 €","Stuttgart",2021-06-07 19:32:57
126826057,"299.000 €","Stuttgart",2021-06-07 19:32:57
123017828,"349.000 €","Stuttgart",2021-06-07 19:32:57
128352578,"775.000 €","Stuttgart",2021-06-07 19:32:57
126029689,"650.000 €","Stuttgart",2021-06-07 19:32:57
126748019,"230.000 €","Stuttgart",2021-06-07 19:32:57
128061868,"179.000 €","Stuttgart",2021-06-07 19:32:57
127525814,"330.000 €","Stuttgart",2021-06-07 19:32:57
117091010,"507.000 - 676.000 €","Stuttgart",2021-06-07 19:33:04
126967734,"240.000 €","Stuttgart",2021-06-07 19:33:04
127859955,"398.500 €","Stuttgart",2021-06-07 19:33:04
123705071,"465.000 €","Stuttgart",2021-06-07 19:33:04
125140943,"1.222.000 €","Stuttgart",2021-06-07 19:33:04
127316943,"230.000 €","Stuttgart",2021-06-07 19:33:04
128315447,"429.900 - 619.900 €","Stuttgart",2021-06-07 19:33:04
128127506,"161.000 €","Stuttgart",2021-06-07 19:33:04
128235977,"345.000 €","Stuttgart",2021-06-07 19:33:04
127028454,"225.000 €","Stuttgart",2021-06-07 19:33:04
128264475,"329.000 €","Stuttgart",2021-06-07 19:33:04
128213963,"570.000 €","Stuttgart",2021-06-07 19:33:04
127772499,"328.000 €","Stuttgart",2021-06-07 19:33:04
128372689,"820.000 €","Stuttgart",2021-06-07 19:33:04
126390224,"342.900 - 492.900 €","Stuttgart",2021-06-07 19:33:04
128154623,"529.800 - 984.800 €","Stuttgart",2021-06-07 19:33:04
128318628,"110.000 €","Stuttgart",2021-06-07 19:33:04
124258357,"280.000 €","Stuttgart",2021-06-07 19:33:04
127172621,"169.900 - 489.900 €","Stuttgart",2021-06-07 19:33:04
128377705,"349.000 €","Stuttgart",2021-06-07 19:33:04
125341455,"659.000 €","Stuttgart",2021-06-07 19:33:16
128319821,"707.900 - 918.900 €","Stuttgart",2021-06-07 19:33:16
127658549,"269.000 €","Stuttgart",2021-06-07 19:33:16
127862842,"167.000 €","Stuttgart",2021-06-07 19:33:16
127214861,"342.000 €","Stuttgart",2021-06-07 19:33:16
128342852,"379.000 €","Stuttgart",2021-06-07 19:33:16
128400352,"269.000 €","Stuttgart",2021-06-07 19:33:16
127251224,"249.000 €","Stuttgart",2021-06-07 19:33:16
128191063,"265.000 €","Stuttgart",2021-06-07 19:33:16
127409123,"319.000 €","Stuttgart",2021-06-07 19:33:16
128330167,"149.000 €","Stuttgart",2021-06-07 19:33:16
127235986,"672.000 €","Stuttgart",2021-06-07 19:33:16
127814452,"289.000 €","Stuttgart",2021-06-07 19:33:16
127045434,"249.000 - 664.400 €","Stuttgart",2021-06-07 19:33:16
125868738,"299.000 €","Stuttgart",2021-06-07 19:33:16
123374976,"285.000 - 595.000 €","Stuttgart",2021-06-07 19:33:16
128211297,"279.000 €","Stuttgart",2021-06-07 19:33:16
126191338,"710.000 €","Stuttgart",2021-06-07 19:33:16
126191317,"620.000 €","Stuttgart",2021-06-07 19:33:16
126676737,"329.000 €","Stuttgart",2021-06-07 19:33:16
128025891,"378.000 €","Stuttgart",2021-06-07 19:34:03
128371645,"395.000 €","Stuttgart",2021-06-07 19:34:03
128369592,"330.000 €","Stuttgart",2021-06-07 19:34:03
128183534,"234.000 €","Stuttgart",2021-06-07 19:34:03
123975858,"374.000 €","Stuttgart",2021-06-07 19:34:03
127646702,"298.000 €","Stuttgart",2021-06-07 19:34:03
120336224,"249.000 €","Stuttgart",2021-06-07 19:34:03
128250441,"229.000 €","Stuttgart",2021-06-07 19:34:03
115734392,"621.300 €","Stuttgart",2021-06-07 19:34:03
115730650,"621.300 €","Stuttgart",2021-06-07 19:34:03
126493673,"275.000 €","Stuttgart",2021-06-07 19:34:03
127150568,"450.000 €","Stuttgart",2021-06-07 19:34:03
128251041,"360.000 €","Stuttgart",2021-06-07 19:34:03
128351657,"549.000 €","Stuttgart",2021-06-07 19:34:03
123609180,"255.900 - 649.900 €","Stuttgart",2021-06-07 19:34:03
126602294,"369.000 €","Stuttgart",2021-06-07 19:34:03
127936280,"588.200 €","Stuttgart",2021-06-07 19:34:03
123722187,"536.500 €","Stuttgart",2021-06-07 19:34:03
127088389,"448.000 €","Stuttgart",2021-06-07 19:34:03
128155274,"270.000 €","Stuttgart",2021-06-07 19:34:03
128326279,"348.000 €","Stuttgart",2021-06-07 19:34:44
117554542,"238.000 €","Stuttgart",2021-06-07 19:34:44
128177135,"359.000 €","Stuttgart",2021-06-07 19:34:44
128392377,"359.000 €","Stuttgart",2021-06-07 19:34:44
127573028,"365.000 €","Stuttgart",2021-06-07 19:34:44
128144108,"449.000 €","Stuttgart",2021-06-07 19:34:44
108899610,"467.000 - 651.000 €","Stuttgart",2021-06-07 19:34:44
115985626,"848.000 - 2.168.000 €","Stuttgart",2021-06-07 19:34:44
128171537,"340.000 €","Stuttgart",2021-06-07 19:34:44
124093378,"288.640 €","Stuttgart",2021-06-07 19:34:44
127694769,"249.000 €","Stuttgart",2021-06-07 19:34:44
128213584,"430.000 €","Stuttgart",2021-06-07 19:34:44
123302500,"499.000 €","Stuttgart",2021-06-07 19:34:44
127052540,"500.000 €","Stuttgart",2021-06-07 19:34:44
125204206,"630.000 €","Stuttgart",2021-06-07 19:34:44
127973996,"280.000 €","Stuttgart",2021-06-07 19:34:44
126432131,"359.000 €","Stuttgart",2021-06-07 19:34:44
128167288,"240.000 €","Stuttgart",2021-06-07 19:34:44
123026756,"229.000 €","Stuttgart",2021-06-07 19:34:44
127248705,"439.000 €","Stuttgart",2021-06-07 19:34:44
128352875,"1.200.000 €","Stuttgart",2021-06-07 19:32:26
127950333,"1.795.000 €","Stuttgart",2021-06-07 19:32:26
128169291,"310.000 €","Stuttgart",2021-06-07 19:32:26
128404730,"1.713.840 €","Stuttgart",2021-06-07 19:32:26
127253572,"720.000 €","Stuttgart",2021-06-07 19:32:26
128406975,"395.000 €","Stuttgart",2021-06-07 19:32:26
128406760,"405.000 €","Stuttgart",2021-06-07 19:32:26
128406426,"299.000 €","Stuttgart",2021-06-07 19:32:26
113498953,"699.800 - 1.229.800 €","Stuttgart",2021-06-07 19:32:26
121727105,"485.550 €","Stuttgart",2021-06-07 19:32:26
127648907,"495.000 €","Stuttgart",2021-06-07 19:32:26
127150187,"550.000 - 1.350.000 €","Stuttgart",2021-06-07 19:32:26
127023096,"300.000 €","Stuttgart",2021-06-07 19:32:26
127059543,"299.000 €","Stuttgart",2021-06-07 19:32:26
126832452,"310.000 €","Stuttgart",2021-06-07 19:32:26
128154742,"335.000 €","Stuttgart",2021-06-07 19:32:26
128231860,"399.000 €","Stuttgart",2021-06-07 19:32:26
127269087,"489.900 €","Stuttgart",2021-06-07 19:32:26
128394971,"1.330.000 €","Stuttgart",2021-06-07 19:32:26
127533436,"549.000 €","Stuttgart",2021-06-07 19:32:26
127942815,"721.619 €","Stuttgart",2021-06-07 19:32:28
127195136,"239.000 €","Stuttgart",2021-06-07 19:32:28
127874826,"380.000 €","Stuttgart",2021-06-07 19:32:28
116567615,"329.000 €","Stuttgart",2021-06-07 19:32:28
128269731,"1.595.000 €","Stuttgart",2021-06-07 19:32:28
128086700,"2.700.000 €","Stuttgart",2021-06-07 19:32:28
128201397,"370.000 €","Stuttgart",2021-06-07 19:32:28
127862987,"48.900 €","Stuttgart",2021-06-07 19:32:28
120984204,"560.000 €","Stuttgart",2021-06-07 19:32:28
127583950,"362.000 - 1.183.000 €","Stuttgart",2021-06-07 19:32:28
128167439,"249.000 €","Stuttgart",2021-06-07 19:32:28
128378640,"739.000 €","Stuttgart",2021-06-07 19:32:28
126087560,"410.000 - 1.298.000 €","Stuttgart",2021-06-07 19:32:28
127491210,"844.000 €","Stuttgart",2021-06-07 19:32:28
126282807,"415.600 €","Stuttgart",2021-06-07 19:32:28
128371095,"569.000 €","Stuttgart",2021-06-07 19:32:28
126161090,"560.000 €","Stuttgart",2021-06-07 19:32:28
128409038,"299.000 €","Stuttgart",2021-06-07 19:32:28
128318607,"275.000 €","Stuttgart",2021-06-07 19:32:28
127895914,"369.000 €","Stuttgart",2021-06-07 19:32:28
128238257,"474.500 €","Stuttgart",2021-06-07 19:34:18
128229564,"339.000 €","Stuttgart",2021-06-07 19:34:18
127069260,"789.000 €","Stuttgart",2021-06-07 19:34:18
127766303,"329.000 €","Stuttgart",2021-06-07 19:34:18
127766295,"329.000 €","Stuttgart",2021-06-07 19:34:18
125040991,"350.000 €","Stuttgart",2021-06-07 19:34:18
128235121,"285.000 €","Stuttgart",2021-06-07 19:34:18
124569333,"220.000 €","Stuttgart",2021-06-07 19:34:18
127684680,"369.000 €","Stuttgart",2021-06-07 19:34:18
127950119,"359.000 €","Stuttgart",2021-06-07 19:34:18
127794908,"230.000 €","Stuttgart",2021-06-07 19:34:18
127332909,"230.000 €","Stuttgart",2021-06-07 19:34:18
128357935,"259.000 €","Stuttgart",2021-06-07 19:34:18
128107600,"340.000 €","Stuttgart",2021-06-07 19:34:18
127673061,"250.000 €","Stuttgart",2021-06-07 19:34:18
127364912,"549.000 €","Stuttgart",2021-06-07 19:34:18
128318639,"210.000 €","Stuttgart",2021-06-07 19:34:18
126614934,"244.900 - 498.300 €","Stuttgart",2021-06-07 19:34:18
112931772,"314.900 - 559.900 €","Stuttgart",2021-06-07 19:34:18
123291365,"966.100 €","Stuttgart",2021-06-07 19:34:18
125249029,"895.000 €","Stuttgart",2021-06-07 19:32:46
128294829,"486.000 €","Stuttgart",2021-06-07 19:32:46
127842225,"249.000 €","Stuttgart",2021-06-07 19:32:46
128409715,"238.000 €","Stuttgart",2021-06-07 19:32:46
128251749,"178.500 €","Stuttgart",2021-06-07 19:32:46
128151593,"315.000 €","Stuttgart",2021-06-07 19:32:46
126780545,"299.000 €","Stuttgart",2021-06-07 19:32:46
127736941,"395.000 €","Stuttgart",2021-06-07 19:32:46
128346934,"450.000 €","Stuttgart",2021-06-07 19:32:46
127210095,"234.000 €","Stuttgart",2021-06-07 19:32:46
90705524,"840.000 €","Stuttgart",2021-06-07 19:32:46
128086527,"565.000 €","Stuttgart",2021-06-07 19:32:46
126857940,"465.000 €","Stuttgart",2021-06-07 19:32:46
128318658,"414.900 - 1.789.900 €","Stuttgart",2021-06-07 19:32:46
124623858,"1.199.500 - 1.426.000 €","Stuttgart",2021-06-07 19:32:46
126465159,"1.490.000 €","Stuttgart",2021-06-07 19:32:46
128184861,"659.000 €","Stuttgart",2021-06-07 19:32:46
128154394,"1.291.000 €","Stuttgart",2021-06-07 19:32:46
114799108,"1.185.000 €","Stuttgart",2021-06-07 19:32:46
114774924,"1.280.000 €","Stuttgart",2021-06-07 19:32:46
126621529,"319.000 €","Stuttgart",2021-06-07 19:33:03
128385969,"395.000 €","Stuttgart",2021-06-07 19:33:03
119666894,"281.900 - 750.000 €","Stuttgart",2021-06-07 19:33:03
128208261,"180.000 €","Stuttgart",2021-06-07 19:33:03
126734861,"310.000 €","Stuttgart",2021-06-07 19:33:03
128353261,"350.000 €","Stuttgart",2021-06-07 19:33:03
126263123,"297.000 €","Stuttgart",2021-06-07 19:33:03
126092625,"355.000 €","Stuttgart",2021-06-07 19:33:03
128199824,"235.000 €","Stuttgart",2021-06-07 19:33:03
127897984,"469.000 €","Stuttgart",2021-06-07 19:33:03
127905194,"309.000 €","Stuttgart",2021-06-07 19:33:03
128188022,"360.000 €","Stuttgart",2021-06-07 19:33:03
127923557,"200.000 €","Stuttgart",2021-06-07 19:33:03
126918539,"790.000 €","Stuttgart",2021-06-07 19:33:03
128305274,"535.000 - 875.000 €","Stuttgart",2021-06-07 19:33:03
127090500,"544.000 €","Stuttgart",2021-06-07 19:33:03
128168555,"375.000 €","Stuttgart",2021-06-07 19:33:03
124192818,"295.000 €","Stuttgart",2021-06-07 19:33:03
128020926,"560.000 €","Stuttgart",2021-06-07 19:33:03
127826516,"349.000 €","Stuttgart",2021-06-07 19:33:03
128363223,"249.000 €","Stuttgart",2021-06-07 19:33:48
127905421,"210.000 €","Stuttgart",2021-06-07 19:33:48
128184032,"240.000 €","Stuttgart",2021-06-07 19:33:48
127856368,"429.000 €","Stuttgart",2021-06-07 19:33:48
128177514,"320.000 €","Stuttgart",2021-06-07 19:33:48
128267333,"410.000 €","Stuttgart",2021-06-07 19:33:48
127980764,"1.075.000 €","Stuttgart",2021-06-07 19:33:48
127945695,"199.900 €","Stuttgart",2021-06-07 19:33:48
128201765,"250.000 €","Stuttgart",2021-06-07 19:33:48
128136040,"205.000 €","Stuttgart",2021-06-07 19:33:48
128348208,"265.000 €","Stuttgart",2021-06-07 19:33:48
128351809,"328.000 €","Stuttgart",2021-06-07 19:33:48
127170402,"298.000 €","Stuttgart",2021-06-07 19:33:48
123476323,"349.000 €","Stuttgart",2021-06-07 19:33:48
127061698,"385.000 €","Stuttgart",2021-06-07 19:33:48
126270061,"499.000 - 658.000 €","Stuttgart",2021-06-07 19:33:48
127856369,"335.000 €","Stuttgart",2021-06-07 19:33:48
127922876,"388.000 €","Stuttgart",2021-06-07 19:33:48
122631513,"1.840.900 €","Stuttgart",2021-06-07 19:33:48
122428292,"274.800 €","Stuttgart",2021-06-07 19:33:48
128228204,"559.000 €","Stuttgart",2021-06-07 19:35:46
117699242,"300.276 - 608.532 €","Stuttgart",2021-06-07 19:35:46
127646396,"474.000 €","Stuttgart",2021-06-07 19:35:46
122971719,"565.000 €","Stuttgart",2021-06-07 19:35:46
128404405,"175.000 €","Stuttgart",2021-06-07 19:35:46
128154613,"370.000 €","Stuttgart",2021-06-07 19:35:46
124180071,"241.000 - 697.500 €","Stuttgart",2021-06-07 19:35:46
124205062,"370.000 €","Stuttgart",2021-06-07 19:35:46
128022821,"95.000 €","Stuttgart",2021-06-07 19:35:46
121639887,"199.000 - 899.000 €","Stuttgart",2021-06-07 19:35:46
127412208,"335.000 €","Stuttgart",2021-06-07 19:35:46
127291169,"518.000 €","Stuttgart",2021-06-07 19:35:46
127289864,"599.000 €","Stuttgart",2021-06-07 19:35:46
127864233,"599.000 €","Stuttgart",2021-06-07 19:35:46
128058992,"374.000 €","Stuttgart",2021-06-07 19:35:46
126378240,"499.000 - 519.000 €","Stuttgart",2021-06-07 19:35:46
127509249,"349.000 €","Stuttgart",2021-06-07 19:35:46
128096650,"415.000 €","Stuttgart",2021-06-07 19:35:46
128098282,"1.740.000 €","Stuttgart",2021-06-07 19:35:46
128389868,"590.000 €","Stuttgart",2021-06-07 19:35:46
127187551,"1.950.000 - 5.990.000 €","Stuttgart",2021-06-07 19:41:29
125149968,"575.000 €","Stuttgart",2021-06-07 19:41:29
128065344,"1.490.000 €","Stuttgart",2021-06-07 19:41:29
128321903,"444.700 - 1.172.400 €","Stuttgart",2021-06-07 19:41:29
128377974,"1.133.000 €","Stuttgart",2021-06-07 19:41:29
128003059,"365.000 €","Stuttgart",2021-06-07 19:41:29
128159231,"1.548.000 €","Stuttgart",2021-06-07 19:41:29
127187341,"1.548.000 - 1.548.000 €","Stuttgart",2021-06-07 19:41:29
127972896,"209.000 €","Stuttgart",2021-06-07 19:41:29
128394254,"358.000 €","Stuttgart",2021-06-07 19:41:29
126561788,"895.000 €","Stuttgart",2021-06-07 19:41:29
128153788,"385.000 €","Stuttgart",2021-06-07 19:41:29
128329377,"725.000 €","Stuttgart",2021-06-07 19:41:29
127896669,"395.000 €","Stuttgart",2021-06-07 19:41:29
127484206,"1.205.000 €","Stuttgart",2021-06-07 19:41:29
128205314,"869.000 €","Stuttgart",2021-06-07 19:41:29
128137815,"499.800 - 919.800 €","Stuttgart",2021-06-07 19:41:29
119753356,"899.800 €","Stuttgart",2021-06-07 19:41:29
127630373,"249.000 €","Stuttgart",2021-06-07 19:41:29
128338002,"369.000 €","Stuttgart",2021-06-07 19:41:29
124842543,"365.000 €","Stuttgart",2021-06-07 19:41:34
127508101,"165.000 €","Stuttgart",2021-06-07 19:41:34
128353024,"339.000 - 717.000 €","Stuttgart",2021-06-07 19:41:34
128036704,"798.500 €","Stuttgart",2021-06-07 19:41:34
128187112,"449.000 €","Stuttgart",2021-06-07 19:41:34
128057012,"359.000 €","Stuttgart",2021-06-07 19:41:34
128213494,"395.000 €","Stuttgart",2021-06-07 19:41:34
127720013,"699.000 €","Stuttgart",2021-06-07 19:41:34
127510973,"699.000 €","Stuttgart",2021-06-07 19:41:34
128347431,"650.000 €","Stuttgart",2021-06-07 19:41:34
128086206,"569.000 €","Stuttgart",2021-06-07 19:41:34
127367704,"249.000 €","Stuttgart",2021-06-07 19:41:34
128249167,"385.000 €","Stuttgart",2021-06-07 19:41:34
128042472,"400.000 €","Stuttgart",2021-06-07 19:41:34
128027441,"260.000 - 820.000 €","Stuttgart",2021-06-07 19:41:34
127317527,"359.000 €","Stuttgart",2021-06-07 19:41:34
127037785,"229.500 €","Stuttgart",2021-06-07 19:41:34
126294927,"515.000 €","Stuttgart",2021-06-07 19:41:34
128321459,"219.000 €","Stuttgart",2021-06-07 19:41:34
115969324,"1.100.000 €","Stuttgart",2021-06-07 19:41:34
127826516,"349.000 €","Stuttgart",2021-06-07 19:42:13
127969799,"299.000 €","Stuttgart",2021-06-07 19:42:13
128318235,"380.900 - 872.900 €","Stuttgart",2021-06-07 19:42:13
127969376,"329.000 €","Stuttgart",2021-06-07 19:42:13
127833443,"389.000 €","Stuttgart",2021-06-07 19:42:13
126970616,"250.000 €","Stuttgart",2021-06-07 19:42:13
128395247,"245.100 €","Stuttgart",2021-06-07 19:42:13
127526758,"349.000 €","Stuttgart",2021-06-07 19:42:13
125790549,"369.000 €","Stuttgart",2021-06-07 19:42:13
128123650,"795.000 €","Stuttgart",2021-06-07 19:42:13
127937505,"329.000 €","Stuttgart",2021-06-07 19:42:13
127323160,"610.000 €","Stuttgart",2021-06-07 19:42:13
126620484,"185.000 €","Stuttgart",2021-06-07 19:42:13
127759055,"415.000 €","Stuttgart",2021-06-07 19:42:13
128268781,"570.000 €","Stuttgart",2021-06-07 19:42:13
128095165,"265.000 €","Stuttgart",2021-06-07 19:42:13
126275097,"350.000 €","Stuttgart",2021-06-07 19:42:13
125898546,"230.000 €","Stuttgart",2021-06-07 19:42:13
128183959,"529.000 €","Stuttgart",2021-06-07 19:42:13
128218072,"240.000 €","Stuttgart",2021-06-07 19:42:13
128220751,"324.900 - 952.900 €","Stuttgart",2021-06-07 19:42:04
126516477,"259.000 - 969.000 €","Stuttgart",2021-06-07 19:42:04
126548917,"339.000 - 749.000 €","Stuttgart",2021-06-07 19:42:04
127306663,"330.350 - 929.500 €","Stuttgart",2021-06-07 19:42:04
127975762,"169.000 €","Stuttgart",2021-06-07 19:42:04
122895757,"153.804 - 949.122 €","Stuttgart",2021-06-07 19:42:04
128170050,"379.900 - 699.900 €","Stuttgart",2021-06-07 19:42:04
128028404,"670.000 €","Stuttgart",2021-06-07 19:42:04
128054224,"211.000 - 674.500 €","Stuttgart",2021-06-07 19:42:04
128323123,"350.000 €","Stuttgart",2021-06-07 19:42:04
128148451,"590.000 €","Stuttgart",2021-06-07 19:42:04
106058634,"275.000 €","Stuttgart",2021-06-07 19:42:04
118042525,"459.000 - 2.150.000 €","Stuttgart",2021-06-07 19:42:04
118043288,"705.000 - 862.000 €","Stuttgart",2021-06-07 19:42:04
126012816,"535.000 €","Stuttgart",2021-06-07 19:42:04
127063467,"855.000 €","Stuttgart",2021-06-07 19:42:04
128087945,"399.000 €","Stuttgart",2021-06-07 19:42:04
127955630,"420.000 €","Stuttgart",2021-06-07 19:42:04
128145394,"650.000 €","Stuttgart",2021-06-07 19:42:04
128189693,"198.000 €","Stuttgart",2021-06-07 19:42:04
128111040,"210.000 €","Stuttgart",2021-06-07 19:41:30
127977049,"700.000 €","Stuttgart",2021-06-07 19:41:30
126896553,"239.000 €","Stuttgart",2021-06-07 19:41:30
127699520,"450.000 €","Stuttgart",2021-06-07 19:41:30
127195138,"164.000 €","Stuttgart",2021-06-07 19:41:30
127400990,"899.000 €","Stuttgart",2021-06-07 19:41:30
128321901,"479.000 €","Stuttgart",2021-06-07 19:41:30
127923380,"335.000 €","Stuttgart",2021-06-07 19:41:30
128185410,"324.000 €","Stuttgart",2021-06-07 19:41:30
127477339,"375.000 €","Stuttgart",2021-06-07 19:41:30
127473241,"185.000 €","Stuttgart",2021-06-07 19:41:30
124123487,"399.500 €","Stuttgart",2021-06-07 19:41:30
120069169,"252.200 - 937.600 €","Stuttgart",2021-06-07 19:41:30
127551836,"950.000 €","Stuttgart",2021-06-07 19:41:30
127907294,"285.000 €","Stuttgart",2021-06-07 19:41:30
128272270,"1.100.000 €","Stuttgart",2021-06-07 19:41:30
128193327,"620.000 €","Stuttgart",2021-06-07 19:41:30
128351265,"339.000 €","Stuttgart",2021-06-07 19:41:30
127976722,"768.500 €","Stuttgart",2021-06-07 19:41:30
128189891,"689.000 €","Stuttgart",2021-06-07 19:41:30
125347290,"699.000 €","Stuttgart",2021-06-07 19:42:04
126621529,"319.000 €","Stuttgart",2021-06-07 19:42:04
128385969,"395.000 €","Stuttgart",2021-06-07 19:42:04
119666894,"281.900 - 750.000 €","Stuttgart",2021-06-07 19:42:04
128208261,"180.000 €","Stuttgart",2021-06-07 19:42:04
126734861,"310.000 €","Stuttgart",2021-06-07 19:42:04
128353261,"350.000 €","Stuttgart",2021-06-07 19:42:04
126263123,"297.000 €","Stuttgart",2021-06-07 19:42:04
126092625,"355.000 €","Stuttgart",2021-06-07 19:42:04
128199824,"235.000 €","Stuttgart",2021-06-07 19:42:04
127897984,"469.000 €","Stuttgart",2021-06-07 19:42:04
127905194,"309.000 €","Stuttgart",2021-06-07 19:42:04
128188022,"360.000 €","Stuttgart",2021-06-07 19:42:04
127923557,"200.000 €","Stuttgart",2021-06-07 19:42:04
126918539,"790.000 €","Stuttgart",2021-06-07 19:42:04
128305274,"535.000 - 875.000 €","Stuttgart",2021-06-07 19:42:04
127090500,"544.000 €","Stuttgart",2021-06-07 19:42:04
128168555,"375.000 €","Stuttgart",2021-06-07 19:42:04
124192818,"295.000 €","Stuttgart",2021-06-07 19:42:04
128020926,"560.000 €","Stuttgart",2021-06-07 19:42:04
128222522,"469.000 €","Stuttgart",2021-06-07 19:43:19
127858989,"419.000 €","Stuttgart",2021-06-07 19:43:19
128033221,"125.000 €","Stuttgart",2021-06-07 19:43:19
128188795,"499.000 €","Stuttgart",2021-06-07 19:43:19
127513465,"295.000 €","Stuttgart",2021-06-07 19:43:19
128016895,"159.000 €","Stuttgart",2021-06-07 19:43:19
127010048,"595.000 €","Stuttgart",2021-06-07 19:43:19
127681697,"398.500 €","Stuttgart",2021-06-07 19:43:19
128152323,"270.000 €","Stuttgart",2021-06-07 19:43:19
128363804,"749.000 €","Stuttgart",2021-06-07 19:43:19
128229887,"349.000 €","Stuttgart",2021-06-07 19:43:19
122612019,"304.900 - 364.900 €","Stuttgart",2021-06-07 19:43:19
128349900,"278.000 €","Stuttgart",2021-06-07 19:43:19
127357421,"339.000 €","Stuttgart",2021-06-07 19:43:19
127901803,"349.000 €","Stuttgart",2021-06-07 19:43:19
127691781,"249.000 €","Stuttgart",2021-06-07 19:43:19
128369485,"380.000 €","Stuttgart",2021-06-07 19:43:19
128295550,"325.500 - 650.500 €","Stuttgart",2021-06-07 19:43:19
124317863,"780.000 €","Stuttgart",2021-06-07 19:43:19
128243137,"398.000 €","Stuttgart",2021-06-07 19:43:19
113977179,"327.000 - 1.369.000 €","Stuttgart",2021-06-07 19:41:10
128322653,"555.000 €","Stuttgart",2021-06-07 19:41:10
128163404,"298.000 €","Stuttgart",2021-06-07 19:41:10
124955197,"629.000 €","Stuttgart",2021-06-07 19:41:10
127770230,"268.000 €","Stuttgart",2021-06-07 19:41:10
116794568,"257.500 - 679.500 €","Stuttgart",2021-06-07 19:41:10
127451753,"530.000 €","Stuttgart",2021-06-07 19:41:10
127100343,"225.000 €","Stuttgart",2021-06-07 19:41:10
128163399,"161.000 €","Stuttgart",2021-06-07 19:41:10
126624961,"325.000 €","Stuttgart",2021-06-07 19:41:10
128182583,"369.000 €","Stuttgart",2021-06-07 19:41:10
127593927,"272.000 €","Stuttgart",2021-06-07 19:41:10
128087837,"293.500 €","Stuttgart",2021-06-07 19:41:10
127728834,"389.500 €","Stuttgart",2021-06-07 19:41:10
115348138,"242.900 - 799.000 €","Stuttgart",2021-06-07 19:41:10
112518009,"4.280 - 5.995 €","Stuttgart",2021-06-07 19:41:10
127332674,"340.000 €","Stuttgart",2021-06-07 19:41:10
128065170,"968.500 €","Stuttgart",2021-06-07 19:41:10
128231964,"390.000 €","Stuttgart",2021-06-07 19:41:10
126374192,"329.500 - 795.000 €","Stuttgart",2021-06-07 19:41:10
127895914,"369.000 €","Stuttgart",2021-06-07 19:42:02
128406167,"869.500 €","Stuttgart",2021-06-07 19:42:02
127943335,"349.000 €","Stuttgart",2021-06-07 19:42:02
127869588,"1.540.000 €","Stuttgart",2021-06-07 19:42:02
127410013,"339.000 €","Stuttgart",2021-06-07 19:42:02
127528305,"180.000 €","Stuttgart",2021-06-07 19:42:02
127496743,"460.000 €","Stuttgart",2021-06-07 19:42:02
128181860,"419.000 €","Stuttgart",2021-06-07 19:42:02
127611912,"155.000 €","Stuttgart",2021-06-07 19:42:02
127958949,"175.000 €","Stuttgart",2021-06-07 19:42:02
127092596,"399.000 €","Stuttgart",2021-06-07 19:42:02
125372609,"429.000 €","Stuttgart",2021-06-07 19:42:02
123656157,"249.000 €","Stuttgart",2021-06-07 19:42:02
126450678,"789.000 €","Stuttgart",2021-06-07 19:42:02
128230740,"324.000 €","Stuttgart",2021-06-07 19:42:02
126886410,"849.000 €","Stuttgart",2021-06-07 19:42:02
127845208,"902.000 €","Stuttgart",2021-06-07 19:42:02
128198826,"329.000 €","Stuttgart",2021-06-07 19:42:02
124133726,"537.500 €","Stuttgart",2021-06-07 19:42:02
126690133,"367.000 €","Stuttgart",2021-06-07 19:42:02
120452239,"180.000 €","Stuttgart",2021-06-07 19:41:49
126777488,"379.000 €","Stuttgart",2021-06-07 19:41:49
128024774,"440.000 €","Stuttgart",2021-06-07 19:41:49
123573711,"239.000 - 1.049.000 €","Stuttgart",2021-06-07 19:41:49
125177863,"680.000 €","Stuttgart",2021-06-07 19:41:49
126133897,"390.000 - 715.000 €","Stuttgart",2021-06-07 19:41:49
128301095,"280.000 - 1.105.000 €","Stuttgart",2021-06-07 19:41:49
128069252,"287.800 €","Stuttgart",2021-06-07 19:41:49
128183827,"419.000 €","Stuttgart",2021-06-07 19:41:49
127175783,"379.000 €","Stuttgart",2021-06-07 19:41:49
128156946,"249.000 €","Stuttgart",2021-06-07 19:41:49
127375589,"364.000 €","Stuttgart",2021-06-07 19:41:49
126854911,"369.000 €","Stuttgart",2021-06-07 19:41:49
127105124,"662.000 €","Stuttgart",2021-06-07 19:41:49
127479254,"379.000 €","Stuttgart",2021-06-07 19:41:49
128353320,"395.000 €","Stuttgart",2021-06-07 19:41:49
127413144,"345.000 €","Stuttgart",2021-06-07 19:41:49
120485178,"252.000 - 464.000 €","Stuttgart",2021-06-07 19:41:49
126888669,"289.000 €","Stuttgart",2021-06-07 19:41:49
128229066,"367.000 €","Stuttgart",2021-06-07 19:41:49
128322961,"375.000 €","Stuttgart",2021-06-07 19:42:15
127191574,"429.000 €","Stuttgart",2021-06-07 19:42:15
128272260,"489.000 €","Stuttgart",2021-06-07 19:42:15
128241199,"770.000 €","Stuttgart",2021-06-07 19:42:15
128189113,"450.000 €","Stuttgart",2021-06-07 19:42:15
127701690,"1.100.000 €","Stuttgart",2021-06-07 19:42:15
128330048,"310.000 €","Stuttgart",2021-06-07 19:42:15
127704275,"355.000 €","Stuttgart",2021-06-07 19:42:15
126888542,"185.000 €","Stuttgart",2021-06-07 19:42:15
107680585,"645.900 - 645.900 €","Stuttgart",2021-06-07 19:42:15
123722760,"523.500 €","Stuttgart",2021-06-07 19:42:15
127953935,"349.000 €","Stuttgart",2021-06-07 19:42:15
128117718,"338.000 €","Stuttgart",2021-06-07 19:42:15
127149266,"424.900 - 819.900 €","Stuttgart",2021-06-07 19:42:15
127409944,"438.000 €","Stuttgart",2021-06-07 19:42:15
128151982,"419.000 €","Stuttgart",2021-06-07 19:42:15
120703932,"390.000 €","Stuttgart",2021-06-07 19:42:15
128163420,"120.000 €","Stuttgart",2021-06-07 19:42:15
128116364,"370.000 €","Stuttgart",2021-06-07 19:42:15
126830378,"291.700 - 597.900 €","Stuttgart",2021-06-07 19:42:15
128111041,"179.000 €","Stuttgart",2021-06-07 19:42:05
127793377,"330.000 €","Stuttgart",2021-06-07 19:42:05
127553946,"895.000 €","Stuttgart",2021-06-07 19:42:05
128168451,"635.000 €","Stuttgart",2021-06-07 19:42:05
128371486,"305.000 €","Stuttgart",2021-06-07 19:42:05
127687568,"520.000 €","Stuttgart",2021-06-07 19:42:05
128057067,"417.500 €","Stuttgart",2021-06-07 19:42:05
118534444,"419.900 - 695.900 €","Stuttgart",2021-06-07 19:42:05
128410226,"228.000 €","Stuttgart",2021-06-07 19:42:05
126698798,"299.000 - 769.000 €","Stuttgart",2021-06-07 19:42:05
126862305,"399.000 €","Stuttgart",2021-06-07 19:42:05
128289803,"360.000 €","Stuttgart",2021-06-07 19:42:05
127918337,"876.500 €","Stuttgart",2021-06-07 19:42:05
128326998,"515.000 €","Stuttgart",2021-06-07 19:42:05
128250082,"510.000 €","Stuttgart",2021-06-07 19:42:05
127489665,"265.000 €","Stuttgart",2021-06-07 19:42:05
128333030,"449.000 €","Stuttgart",2021-06-07 19:42:05
128018565,"349.000 €","Stuttgart",2021-06-07 19:42:05
126560365,"278 - 608 €","Stuttgart",2021-06-07 19:42:05
127826791,"319.000 €","Stuttgart",2021-06-07 19:42:05
127970215,"279.900 €","Stuttgart",2021-06-07 19:42:22
124550299,"219.000 €","Stuttgart",2021-06-07 19:42:22
128331841,"949.000 €","Stuttgart",2021-06-07 19:42:22
127611070,"250.000 €","Stuttgart",2021-06-07 19:42:22
128095488,"535.000 €","Stuttgart",2021-06-07 19:42:22
126852023,"199.000 €","Stuttgart",2021-06-07 19:42:22
128293880,"825.000 €","Stuttgart",2021-06-07 19:42:22
128389903,"202.500 €","Stuttgart",2021-06-07 19:42:22
127981270,"359.000 €","Stuttgart",2021-06-07 19:42:22
123518837,"699.000 €","Stuttgart",2021-06-07 19:42:22
125893148,"570.000 €","Stuttgart",2021-06-07 19:42:22
125688573,"429.000 €","Stuttgart",2021-06-07 19:42:22
128253274,"195.000 €","Stuttgart",2021-06-07 19:42:22
126826057,"299.000 €","Stuttgart",2021-06-07 19:42:22
123017828,"349.000 €","Stuttgart",2021-06-07 19:42:22
128352578,"775.000 €","Stuttgart",2021-06-07 19:42:22
126029689,"650.000 €","Stuttgart",2021-06-07 19:42:22
126748019,"230.000 €","Stuttgart",2021-06-07 19:42:22
128061868,"179.000 €","Stuttgart",2021-06-07 19:42:22
127525814,"330.000 €","Stuttgart",2021-06-07 19:42:22
128352875,"1.200.000 €","Stuttgart",2021-06-07 19:41:11
127950333,"1.795.000 €","Stuttgart",2021-06-07 19:41:11
128169291,"310.000 €","Stuttgart",2021-06-07 19:41:11
128404730,"1.713.840 €","Stuttgart",2021-06-07 19:41:11
127253572,"720.000 €","Stuttgart",2021-06-07 19:41:11
128406975,"395.000 €","Stuttgart",2021-06-07 19:41:11
128406760,"405.000 €","Stuttgart",2021-06-07 19:41:11
128406426,"299.000 €","Stuttgart",2021-06-07 19:41:11
113498953,"699.800 - 1.229.800 €","Stuttgart",2021-06-07 19:41:11
121727105,"485.550 €","Stuttgart",2021-06-07 19:41:11
127648907,"495.000 €","Stuttgart",2021-06-07 19:41:11
127150187,"550.000 - 1.350.000 €","Stuttgart",2021-06-07 19:41:11
127023096,"300.000 €","Stuttgart",2021-06-07 19:41:11
127059543,"299.000 €","Stuttgart",2021-06-07 19:41:11
126832452,"310.000 €","Stuttgart",2021-06-07 19:41:11
128154742,"335.000 €","Stuttgart",2021-06-07 19:41:11
128231860,"399.000 €","Stuttgart",2021-06-07 19:41:11
127269087,"489.900 €","Stuttgart",2021-06-07 19:41:11
128394971,"1.330.000 €","Stuttgart",2021-06-07 19:41:11
127533436,"549.000 €","Stuttgart",2021-06-07 19:41:11
128394223,"359.000 €","Stuttgart",2021-06-07 19:41:14
128238257,"474.500 €","Stuttgart",2021-06-07 19:41:14
128229564,"339.000 €","Stuttgart",2021-06-07 19:41:14
127069260,"789.000 €","Stuttgart",2021-06-07 19:41:14
127766303,"329.000 €","Stuttgart",2021-06-07 19:41:14
127766295,"329.000 €","Stuttgart",2021-06-07 19:41:14
125040991,"350.000 €","Stuttgart",2021-06-07 19:41:14
128235121,"285.000 €","Stuttgart",2021-06-07 19:41:14
124569333,"220.000 €","Stuttgart",2021-06-07 19:41:14
127684680,"369.000 €","Stuttgart",2021-06-07 19:41:14
127950119,"359.000 €","Stuttgart",2021-06-07 19:41:14
127794908,"230.000 €","Stuttgart",2021-06-07 19:41:14
127332909,"230.000 €","Stuttgart",2021-06-07 19:41:14
128357935,"259.000 €","Stuttgart",2021-06-07 19:41:14
128107600,"340.000 €","Stuttgart",2021-06-07 19:41:14
127673061,"250.000 €","Stuttgart",2021-06-07 19:41:14
127364912,"549.000 €","Stuttgart",2021-06-07 19:41:14
128318639,"210.000 €","Stuttgart",2021-06-07 19:41:14
126614934,"244.900 - 498.300 €","Stuttgart",2021-06-07 19:41:14
112931772,"314.900 - 559.900 €","Stuttgart",2021-06-07 19:41:14
123291365,"966.100 €","Stuttgart",2021-06-07 19:41:30
127766937,"549.000 €","Stuttgart",2021-06-07 19:41:30
127319367,"388.000 €","Stuttgart",2021-06-07 19:41:30
127070677,"388.000 €","Stuttgart",2021-06-07 19:41:30
128230702,"159.000 €","Stuttgart",2021-06-07 19:41:30
128230511,"555.000 €","Stuttgart",2021-06-07 19:41:30
128123346,"480.000 €","Stuttgart",2021-06-07 19:41:30
128193570,"265.000 €","Stuttgart",2021-06-07 19:41:30
127816822,"960.000 €","Stuttgart",2021-06-07 19:41:30
114097189,"445.900 - 899.000 €","Stuttgart",2021-06-07 19:41:30
127611077,"350.000 €","Stuttgart",2021-06-07 19:41:30
128332789,"244.000 €","Stuttgart",2021-06-07 19:41:30
128121790,"550.000 €","Stuttgart",2021-06-07 19:41:30
126861027,"450.000 €","Stuttgart",2021-06-07 19:41:30
127844480,"469.000 €","Stuttgart",2021-06-07 19:41:30
128236613,"189.000 €","Stuttgart",2021-06-07 19:41:30
123076247,"194.000 €","Stuttgart",2021-06-07 19:41:30
127343972,"398.500 €","Stuttgart",2021-06-07 19:41:30
127659940,"210.000 €","Stuttgart",2021-06-07 19:41:30
128409569,"280.000 €","Stuttgart",2021-06-07 19:41:30
128245965,"460.000 €","Stuttgart",2021-06-07 19:42:17
128320712,"299.000 €","Stuttgart",2021-06-07 19:42:17
127826490,"339.000 €","Stuttgart",2021-06-07 19:42:17
128027053,"360.000 €","Stuttgart",2021-06-07 19:42:17
128140115,"780.000 €","Stuttgart",2021-06-07 19:42:17
127170777,"340.000 €","Stuttgart",2021-06-07 19:42:17
127490069,"835.000 €","Stuttgart",2021-06-07 19:42:17
127642291,"294.000 €","Stuttgart",2021-06-07 19:42:17
127642274,"301.000 €","Stuttgart",2021-06-07 19:42:17
127606576,"279.000 €","Stuttgart",2021-06-07 19:42:17
127606555,"269.000 €","Stuttgart",2021-06-07 19:42:17
128259858,"344.500 €","Stuttgart",2021-06-07 19:42:17
127343949,"445.000 €","Stuttgart",2021-06-07 19:42:17
127836331,"489.000 €","Stuttgart",2021-06-07 19:42:17
125846375,"910.000 €","Stuttgart",2021-06-07 19:42:17
128241860,"360.000 €","Stuttgart",2021-06-07 19:42:17
127573018,"315.000 €","Stuttgart",2021-06-07 19:42:17
127107081,"998.500 €","Stuttgart",2021-06-07 19:42:17
126524020,"320.000 €","Stuttgart",2021-06-07 19:42:17
124118265,"589.800 - 1.139.800 €","Stuttgart",2021-06-07 19:42:17
125249029,"895.000 €","Stuttgart",2021-06-07 19:41:08
128294829,"486.000 €","Stuttgart",2021-06-07 19:41:08
127842225,"249.000 €","Stuttgart",2021-06-07 19:41:08
128394068,"875.000 €","Stuttgart",2021-06-07 19:41:08
128409715,"238.000 €","Stuttgart",2021-06-07 19:41:08
128251749,"178.500 €","Stuttgart",2021-06-07 19:41:08
128151593,"315.000 €","Stuttgart",2021-06-07 19:41:08
126780545,"299.000 €","Stuttgart",2021-06-07 19:41:08
127736941,"395.000 €","Stuttgart",2021-06-07 19:41:08
128346934,"450.000 €","Stuttgart",2021-06-07 19:41:08
127210095,"234.000 €","Stuttgart",2021-06-07 19:41:08
90705524,"840.000 €","Stuttgart",2021-06-07 19:41:08
128086527,"565.000 €","Stuttgart",2021-06-07 19:41:08
126857940,"465.000 €","Stuttgart",2021-06-07 19:41:08
128318658,"414.900 - 1.789.900 €","Stuttgart",2021-06-07 19:41:08
124623858,"1.199.500 - 1.426.000 €","Stuttgart",2021-06-07 19:41:08
126465159,"1.490.000 €","Stuttgart",2021-06-07 19:41:08
128184861,"659.000 €","Stuttgart",2021-06-07 19:41:08
128154394,"1.291.000 €","Stuttgart",2021-06-07 19:41:08
114799108,"1.185.000 €","Stuttgart",2021-06-07 19:41:08
114774924,"1.280.000 €","Stuttgart",2021-06-07 19:42:59
127942815,"721.619 €","Stuttgart",2021-06-07 19:42:59
127195136,"239.000 €","Stuttgart",2021-06-07 19:42:59
127874826,"380.000 €","Stuttgart",2021-06-07 19:42:59
116567615,"329.000 €","Stuttgart",2021-06-07 19:42:59
128269731,"1.595.000 €","Stuttgart",2021-06-07 19:42:59
128086700,"2.700.000 €","Stuttgart",2021-06-07 19:42:59
128201397,"370.000 €","Stuttgart",2021-06-07 19:42:59
127862987,"48.900 €","Stuttgart",2021-06-07 19:42:59
120984204,"560.000 €","Stuttgart",2021-06-07 19:42:59
127583950,"362.000 - 1.183.000 €","Stuttgart",2021-06-07 19:42:59
128167439,"249.000 €","Stuttgart",2021-06-07 19:42:59
128378640,"739.000 €","Stuttgart",2021-06-07 19:42:59
126087560,"410.000 - 1.298.000 €","Stuttgart",2021-06-07 19:42:59
127491210,"844.000 €","Stuttgart",2021-06-07 19:42:59
126282807,"415.600 €","Stuttgart",2021-06-07 19:42:59
128371095,"569.000 €","Stuttgart",2021-06-07 19:42:59
126161090,"560.000 €","Stuttgart",2021-06-07 19:42:59
128409038,"299.000 €","Stuttgart",2021-06-07 19:42:59
128318607,"275.000 €","Stuttgart",2021-06-07 19:42:59
